date,time,time_zone,format,text,notes,favorite,date_utc,time_utc,metadata
30-01-2025,12:08:01,India Standard Time,QR Code,CSM _ 22551A4276 _ 3-1,,0,30-01-2025,06:38:01,
30-01-2025,12:08:09,India Standard Time,QR Code,CSM _ 22551A4287 _ 3-1,,0,30-01-2025,06:38:09,"{""ec"":""L""}"
30-01-2025,12:08:12,India Standard Time,QR Code,CSM _ 22551A4283 _ 3-1,,0,30-01-2025,06:38:12,
30-01-2025,12:08:19,India Standard Time,QR Code,CSE _ 22551A0548 _ 3-1,,0,30-01-2025,06:38:19,
30-01-2025,12:08:21,India Standard Time,QR Code,CSC _ 22551A4633 _ 3-1,,0,30-01-2025,06:38:21,
30-01-2025,12:08:26,India Standard Time,QR Code,CSE _ 22551A0509 _ 3-1,,0,30-01-2025,06:38:26,
30-01-2025,12:08:32,India Standard Time,QR Code,CSE _ 22551A0525 _ 3-1,,0,30-01-2025,06:38:32,"{""ec"":""L""}"
30-01-2025,12:08:34,India Standard Time,QR Code,CSE _ 22551A0510 _ 3-1,,0,30-01-2025,06:38:34,"{""ec"":""L""}"
30-01-2025,12:08:37,India Standard Time,QR Code,CSE _ 22551A0524 _ 3-1,,0,30-01-2025,06:38:37,"{""ec"":""L""}"
30-01-2025,12:08:40,India Standard Time,QR Code,CSD _ 23555a4405 _ 3-1,,0,30-01-2025,06:38:40,
30-01-2025,12:08:42,India Standard Time,QR Code,CSD _ 22551a4432 _ 3-1,,0,30-01-2025,06:38:42,
30-01-2025,12:08:43,India Standard Time,QR Code,CSD _ 22551A4401 _ 3-1,,0,30-01-2025,06:38:43,
30-01-2025,12:08:45,India Standard Time,QR Code,CSD _ 22551A4446 _ 3-1,,0,30-01-2025,06:38:45,
30-01-2025,12:08:47,India Standard Time,QR Code,CSD _ 22551A4427 _ 3-1,,0,30-01-2025,06:38:47,
30-01-2025,12:08:51,India Standard Time,QR Code,CSD _ 22551a4430 _ 3-1,,0,30-01-2025,06:38:51,"{""ec"":""L""}"
30-01-2025,12:08:56,India Standard Time,QR Code,CSE _ 22551A05A6 _ 3-1,,0,30-01-2025,06:38:56,"{""ec"":""L""}"
30-01-2025,12:08:58,India Standard Time,QR Code,CSE _ 22551A05B4 _ 3-1,,0,30-01-2025,06:38:58,
30-01-2025,12:09:01,India Standard Time,QR Code,CSE _ 22551A0572 _ 3-1,,0,30-01-2025,06:39:01,
30-01-2025,12:09:25,India Standard Time,QR Code,CSM _ 22551A4291 _ 3-1,,0,30-01-2025,06:39:25,
30-01-2025,12:09:31,India Standard Time,QR Code,CSM _ 22551A4275 _ 3-1,,0,30-01-2025,06:39:31,
30-01-2025,12:09:33,India Standard Time,QR Code,EEE _ 22551A02A1 _ 3-1,,0,30-01-2025,06:39:33,
30-01-2025,12:09:38,India Standard Time,QR Code,CSM _ 22551A42A2 _ 3-1,,0,30-01-2025,06:39:38,
30-01-2025,12:09:40,India Standard Time,QR Code,CSM _ 22551A42A7 _ 3-1,,0,30-01-2025,06:39:40,
30-01-2025,12:10:19,India Standard Time,QR Code,CSE _ 22551A05A9 _ 3-1,,0,30-01-2025,06:40:19,"{""ec"":""L""}"
30-01-2025,12:10:22,India Standard Time,QR Code,ECE _ 23555A0405 _ 3-1,,0,30-01-2025,06:40:22,"{""ec"":""L""}"
30-01-2025,12:10:25,India Standard Time,QR Code,CSE _ 22551A0588 _ 3-1,,0,30-01-2025,06:40:25,
30-01-2025,12:10:28,India Standard Time,QR Code,CSM _ 22551A42B2 _ 3-1,,0,30-01-2025,06:40:28,
30-01-2025,12:10:34,India Standard Time,QR Code,ECE _ 22551A0488 _ 3-1,,0,30-01-2025,06:40:34,"{""ec"":""L""}"
30-01-2025,12:10:35,India Standard Time,QR Code,ECE _ 22551A0463 _ 3-1,,0,30-01-2025,06:40:35,
30-01-2025,12:10:37,India Standard Time,QR Code,ECE _ 22551A0435 _ 3-1,,0,30-01-2025,06:40:37,"{""ec"":""L""}"
30-01-2025,12:10:39,India Standard Time,QR Code,ECE _ 22551A04A8 _ 3-1,,0,30-01-2025,06:40:39,
30-01-2025,12:10:42,India Standard Time,QR Code,CSE _ 22551A0541 _ 3-1,,0,30-01-2025,06:40:42,"{""ec"":""L""}"
30-01-2025,12:10:48,India Standard Time,QR Code,CSE _ 22551A0564 _ 3-1,,0,30-01-2025,06:40:48,
30-01-2025,12:10:51,India Standard Time,QR Code,CSE _ 22551A0562 _ 3-1,,0,30-01-2025,06:40:51,
30-01-2025,12:10:56,India Standard Time,QR Code,ECE _ 22551A04A9 _ 3-1,,0,30-01-2025,06:40:56,"{""ec"":""L""}"
30-01-2025,12:10:58,India Standard Time,QR Code,ECE _ 22551A0484 _ 3-1,,0,30-01-2025,06:40:58,
30-01-2025,12:11:04,India Standard Time,QR Code,CSE _ 22551A05G5 _ 3-1,,0,30-01-2025,06:41:04,
30-01-2025,12:11:07,India Standard Time,QR Code,ECE _ 22551A0477 _ 3-1,,0,30-01-2025,06:41:07,
30-01-2025,12:11:09,India Standard Time,QR Code,ECE _ 22551A04B0 _ 3-1,,0,30-01-2025,06:41:09,
30-01-2025,12:11:17,India Standard Time,QR Code,ECE _ 22551A0489 _ 3-1,,0,30-01-2025,06:41:17,
30-01-2025,12:11:20,India Standard Time,QR Code,ECE _ 22551A0492 _ 3-1,,0,30-01-2025,06:41:20,"{""ec"":""L""}"
30-01-2025,12:11:22,India Standard Time,QR Code,ECE _ 22551A04A4 _ 3-1,,0,30-01-2025,06:41:22,
30-01-2025,12:11:24,India Standard Time,QR Code,ECE _ 22551A0470 _ 3-1,,0,30-01-2025,06:41:24,
30-01-2025,12:11:26,India Standard Time,QR Code,EEE _ 22551A02A4 _ 3-1,,0,30-01-2025,06:41:26,
30-01-2025,12:11:28,India Standard Time,QR Code,ECE _ 22551A0498 _ 3-1,,0,30-01-2025,06:41:28,
30-01-2025,12:11:30,India Standard Time,QR Code,ECE _ 22551A0476 _ 3-1,,0,30-01-2025,06:41:30,
30-01-2025,12:12:50,India Standard Time,QR Code,CSE _ 22551A05I7 _ 3-1,,0,30-01-2025,06:42:50,
30-01-2025,12:12:52,India Standard Time,QR Code,CSE _ 22551A05H4 _ 3-1,,0,30-01-2025,06:42:52,"{""ec"":""L""}"
30-01-2025,12:12:53,India Standard Time,QR Code,CSE _ 22551A05J4 _ 3-1,,0,30-01-2025,06:42:53,
30-01-2025,12:12:56,India Standard Time,QR Code,EEE _ 22551A0270 _ 3-1,,0,30-01-2025,06:42:56,
30-01-2025,12:12:58,India Standard Time,QR Code,CSE _ 22551A0508 _ 3-1,,0,30-01-2025,06:42:58,
30-01-2025,12:13:02,India Standard Time,QR Code,CSM _ 22551A4285 _ 3-1,,0,30-01-2025,06:43:02,"{""ec"":""L""}"
30-01-2025,12:13:04,India Standard Time,QR Code,MEC _ 22551A0302 _ 3-1,,0,30-01-2025,06:43:04,
30-01-2025,12:13:08,India Standard Time,QR Code,CSE _ 22551A0516 _ 3-1,,0,30-01-2025,06:43:08,"{""ec"":""L""}"
30-01-2025,12:13:11,India Standard Time,QR Code,CSE _ 22T91A0559 _ 3-1,,0,30-01-2025,06:43:11,"{""ec"":""L""}"
30-01-2025,12:13:14,India Standard Time,QR Code,CSE _ 22551A05D0 _ 3-1,,0,30-01-2025,06:43:14,
30-01-2025,12:13:19,India Standard Time,QR Code,ECE _ 23555A0412 _ 3-1,,0,30-01-2025,06:43:19,
30-01-2025,12:13:21,India Standard Time,QR Code,ECE _ 22551A04A5 _ 3-1,,0,30-01-2025,06:43:21,"{""ec"":""L""}"
30-01-2025,12:13:22,India Standard Time,QR Code,ECE _ 22551A04B5 _ 3-1,,0,30-01-2025,06:43:22,"{""ec"":""L""}"
30-01-2025,12:13:24,India Standard Time,QR Code,CSE _ 22551A0533 _ 3-1,,0,30-01-2025,06:43:24,"{""ec"":""L""}"
30-01-2025,12:13:26,India Standard Time,QR Code,CSE _ 22551A0530 _ 3-1,,0,30-01-2025,06:43:26,"{""ec"":""L""}"
30-01-2025,12:13:29,India Standard Time,QR Code,CSE _ 22551A0547 _ 3-1,,0,30-01-2025,06:43:29,
30-01-2025,12:14:22,India Standard Time,QR Code,ECE _ 23555A0414 _ 3-1,,0,30-01-2025,06:44:22,
30-01-2025,12:14:24,India Standard Time,QR Code,CSM _ 22551A4273 _ 3-1,,0,30-01-2025,06:44:24,
30-01-2025,12:14:25,India Standard Time,QR Code,CSM _ 23555A4205 _ 3-1,,0,30-01-2025,06:44:25,"{""ec"":""L""}"
30-01-2025,12:14:40,India Standard Time,QR Code,CSM _ 22551A4215 _ 3-1,,0,30-01-2025,06:44:40,
30-01-2025,12:14:47,India Standard Time,QR Code,CSM _ 22551A4225 _ 3-1,,0,30-01-2025,06:44:47,"{""ec"":""L""}"
30-01-2025,12:14:54,India Standard Time,QR Code,CSE _ 22551A0546 _ 3-1,,0,30-01-2025,06:44:54,
30-01-2025,12:14:57,India Standard Time,QR Code,CSE _ 22551A0528 _ 3-1,,0,30-01-2025,06:44:57,
30-01-2025,12:14:58,India Standard Time,QR Code,CSM _ 22551A4219 _ 3-1,,0,30-01-2025,06:44:58,"{""ec"":""L""}"
30-01-2025,12:15:00,India Standard Time,QR Code,CSE _ 22551A0566 _ 3-1,,0,30-01-2025,06:45:00,
30-01-2025,12:15:22,India Standard Time,QR Code,ECE _ 22551A0479 _ 3-1,,0,30-01-2025,06:45:22,
30-01-2025,12:15:27,India Standard Time,QR Code,ECE _ 22551A04E4 _ 3-1,,0,30-01-2025,06:45:27,"{""ec"":""L""}"
30-01-2025,12:15:29,India Standard Time,QR Code,ECE _ 22551A0483 _ 3-1,,0,30-01-2025,06:45:29,
30-01-2025,12:15:34,India Standard Time,QR Code,EEE _ 23555A0225 _ 3-1,,0,30-01-2025,06:45:34,"{""ec"":""L""}"
30-01-2025,12:16:13,India Standard Time,QR Code,CSE _ 22551A05J3 _ 3-1,,0,30-01-2025,06:46:13,
30-01-2025,12:16:15,India Standard Time,QR Code,CSE _ 22551A05E6 _ 3-1,,0,30-01-2025,06:46:15,"{""ec"":""L""}"
30-01-2025,12:16:20,India Standard Time,QR Code,EEE _ 23555a0215 _ 3-1,,0,30-01-2025,06:46:20,"{""ec"":""L""}"
30-01-2025,12:16:22,India Standard Time,QR Code,CSE _ 22551A05J8 _ 3-1,,0,30-01-2025,06:46:22,"{""ec"":""L""}"
30-01-2025,12:16:25,India Standard Time,QR Code,CSE _ 23555A0516 _ 3-1,,0,30-01-2025,06:46:25,
30-01-2025,12:16:29,India Standard Time,QR Code,CSM _ 22551A4227 _ 3-1,,0,30-01-2025,06:46:29,
30-01-2025,12:16:31,India Standard Time,QR Code,CSD _ 23555A4404 _ 3-1,,0,30-01-2025,06:46:31,"{""ec"":""L""}"
30-01-2025,12:16:47,India Standard Time,QR Code,CSE _ 22551A05G4 _ 3-1,,0,30-01-2025,06:46:47,